Features,Classifier,Accuracy,Precision,Recall,MCC
dde,xgb,0.9326086956521739,0.908695652173913,0.9565217391304348,0.8662086129054816
aadp,xgb,0.9456521739130435,0.9478260869565217,0.9434782608695652,0.8913127723722558
esm2,xgb,0.9391304347826087,0.9391304347826087,0.9391304347826087,0.8782608695652174
dde+esm2,xgb,0.9478260869565217,0.9434782608695652,0.9521739130434783,0.8956860379194799
dde+aadp,xgb,0.9391304347826087,0.9304347826086956,0.9478260869565217,0.8783937179806748
aadp+esm2,xgb,0.9391304347826087,0.9304347826086956,0.9478260869565217,0.8783937179806748
dde+esm2+aadp,xgb,0.9369565217391305,0.9347826086956522,0.9391304347826087,0.873921303643041
